file,grupo,duracion_s,voz_s,pct_voz,pct_silencio,piso_ruido_dbfs,n_turnos,turnos_por_min,dur_turno_mediana_s,dur_turno_p90_s,pausa_mediana_s,pausa_max_s,pct_sonoro,pct_solape_sobre_voz,solape_s,f0_mediana_hz,f0_iqr_hz,tonos_red_s,tonos_red_tipo
0445c357-e465-49ae-8067-bfa91d11b532.wav,humano,309.52,251.5,81.26,18.74,-67.27,162,31.4,0.94,3.26,0.45,2.46,73.22,5.29,11.98,250.0,44.4,0.0,
09115a4a-ac50-4425-9dbc-b551a0b5342c.wav,humano,87.2,74.26,85.16,14.84,-61.76,80,55.05,0.6,1.8,0.38,0.56,73.08,5.6,3.57,216.2,59.5,0.0,
0bc9a430-bdcd-44a7-a92d-e71dc33c8ad5.wav,humano,105.64,89.6,84.82,15.18,-72.05,45,25.56,0.91,4.13,0.42,1.38,66.91,22.01,15.55,228.6,59.5,0.0,
0c6ada7d-d8c5-4840-ae79-0d8d573183dc.wav,humano,141.48,63.97,45.21,54.79,-72.25,12,5.09,2.42,3.66,5.01,59.97,27.26,33.57,12.94,166.7,115.0,0.0,
0d2d37dd-38a4-40dd-ac62-b430f722ed57.wav,humano,594.72,444.74,74.78,25.22,-61.96,253,25.52,1.06,3.81,0.35,3.33,59.51,5.37,19.01,258.1,50.4,0.0,
1c72dd55-acbb-4ebe-a4d7-446cc294a4a1.wav,humano,224.62,178.26,79.36,20.64,-64.18,127,33.92,0.7,2.99,0.45,2.45,57.55,12.92,16.7,216.2,101.9,0.0,
1e3beb83-824b-4ad5-8483-f4ff6ea3c05e.wav,humano,160.76,128.35,79.84,20.16,-66.99,108,40.31,0.53,1.61,0.66,1.71,60.25,11.47,11.1,222.2,79.8,0.0,
1f5cda00-bbf3-4770-97dc-99760ddadc1b.wav,humano,143.74,118.34,82.33,17.67,-61.85,107,44.66,0.66,1.96,0.56,1.76,68.06,11.06,10.82,222.2,59.5,0.0,
2a92a64c-6ea8-48a0-b47a-445a3c577199.wav,humano,626.2,483.47,77.21,22.79,-51.57,666,63.81,0.45,1.12,0.42,2.06,68.83,7.59,32.7,250.0,53.6,0.0,
2b377b6a-4fa1-4910-8d68-9ee05f7c302a.wav,humano,202.66,154.4,76.19,23.81,-64.64,144,42.63,0.59,1.99,0.51,3.26,61.44,8.92,11.1,222.2,50.0,0.0,
2d454b7b-9f12-4acb-8101-d3ba74bb84ff.wav,humano,578.9,470.72,81.31,18.69,-56.28,302,31.3,1.15,3.23,0.38,3.28,66.67,7.95,30.67,250.0,70.7,0.0,
2e50e9db-53c9-4472-ad05-1ba1032dd707.wav,humano,123.4,93.89,76.08,23.92,-61.7,97,47.16,0.58,1.7,0.59,1.92,60.17,14.55,10.8,200.0,115.0,0.0,
306c762c-73a1-4690-962d-53f1a14f05b6.wav,humano,132.6,105.38,79.47,20.53,-68.58,140,63.35,0.54,1.19,0.46,1.6,55.53,7.39,5.44,195.1,103.6,0.0,
336a8602-1b56-4ca6-9dcc-7491b9a92a8a.wav,humano,76.0,62.91,82.78,17.22,-63.18,51,40.26,0.93,2.08,0.38,1.01,67.61,11.34,5.82,216.2,59.5,0.0,
380f5075-47be-435f-b595-7e2c48dbb21b.wav,humano,74.56,61.84,82.94,17.06,-64.91,56,45.06,0.82,1.58,0.4,1.28,67.4,11.46,5.76,250.0,58.4,0.0,
38482ca0-4501-4b4c-99b5-16313e8eb12f.wav,humano,299.5,229.1,76.5,23.5,-56.44,284,56.89,0.53,1.31,0.5,2.35,63.24,11.78,22.3,142.9,50.8,0.0,
440cb585-d675-4ed9-afa4-934e2a0aae90.wav,humano,201.9,154.45,76.5,23.5,-68.67,149,44.28,0.53,1.67,0.59,2.43,63.73,10.48,13.49,190.5,81.4,0.0,
50e0f632-d195-4476-b049-3720482d65d9.wav,humano,116.42,103.31,88.74,11.26,-58.0,44,22.68,0.82,4.86,0.75,3.34,67.75,14.85,11.71,195.1,107.1,0.0,
635a7986-ddd2-47f3-a6de-82a217053afa.wav,humano,166.74,116.3,69.75,30.25,-49.27,119,42.82,0.46,1.37,0.49,2.22,57.32,12.86,12.29,216.2,86.7,0.0,
63b9a147-5c33-40ba-87c7-124e4be56cda.wav,humano,243.4,142.35,58.48,41.52,-55.46,155,38.21,0.48,1.37,0.5,4.61,45.83,9.38,10.46,222.2,68.2,0.0,
66c2db61-5a3d-4020-a90a-007a029d0879.wav,humano,137.76,94.45,68.56,31.44,-51.09,99,43.12,0.43,1.18,0.37,1.5,52.61,16.49,11.95,216.2,76.1,0.0,
67197ac4-63d9-4567-9e89-896e715ab906.wav,humano,395.24,328.35,83.08,16.92,-61.01,237,35.98,0.69,3.28,0.4,2.08,70.4,7.67,21.34,250.0,58.1,0.0,
6854b6cc-c858-4dd4-b326-b7d6fe55843a.wav,humano,160.78,120.66,75.04,24.96,-60.75,98,36.57,0.71,1.92,0.38,2.13,60.42,10.86,10.54,242.4,91.4,0.0,
693045ed-afc8-4c9c-9eee-f7e34281fb16.wav,humano,177.64,126.51,71.22,28.78,-47.25,141,47.62,0.54,1.15,0.46,1.28,51.97,11.02,10.18,153.8,82.9,0.0,
6bbff5d5-7d85-4587-94d9-4e44d4e4055b.wav,humano,294.54,209.63,71.17,28.83,-57.55,251,51.13,0.58,1.33,0.61,4.26,57.25,9.86,16.62,125.0,32.8,0.0,
73ddf5ba-7005-41a6-88b5-be98fb909764.wav,humano,145.24,110.3,75.95,24.05,-61.4,105,43.38,0.51,1.7,0.7,2.46,55.87,15.34,12.45,200.0,93.1,0.0,
74aa7e2d-4d44-45cc-a3e5-97fb9383a960.wav,humano,118.26,100.3,84.82,15.18,-61.04,54,27.4,1.03,4.23,0.46,1.07,70.04,8.15,6.75,266.7,61.0,0.0,
74b16f62-f04d-42c8-9872-ea9b9ed1dd75.wav,humano,643.48,405.92,63.08,36.92,-45.25,507,47.27,0.38,0.8,0.37,2.02,53.04,9.59,32.72,200.0,112.6,0.0,
77d258d0-9b2e-4086-b624-f280eed0957b.wav,humano,283.16,222.1,78.43,21.57,-56.94,227,48.1,0.64,1.67,0.5,3.58,65.92,11.79,22.0,222.2,104.5,0.0,
7ea6c8f3-f6f7-42e8-8034-701caa6e62aa.wav,humano,129.88,100.78,77.6,22.4,-61.15,71,32.8,0.93,2.58,0.48,2.82,66.17,12.64,10.86,222.2,54.9,0.0,
82ee7afd-e2d3-4cfe-b82e-f7920f57f7ab.wav,humano,186.02,134.58,72.34,27.66,-55.06,152,49.03,0.45,1.23,0.54,3.39,55.51,11.42,11.79,210.5,121.0,0.0,
91b9fd77-d5d5-408f-ac90-fd78080780da.wav,humano,81.64,55.55,68.05,31.95,-47.54,63,46.3,0.51,1.16,0.38,1.65,54.38,15.61,6.93,170.2,81.9,0.0,
92778da9-c37a-4eee-9ca5-81f835e7c5a4.wav,humano,176.56,136.37,77.24,22.76,-59.18,169,57.43,0.5,1.17,0.46,1.33,65.52,11.18,12.93,210.5,72.2,0.0,
93d0abfc-ece6-488b-bee8-950abb980520.wav,humano,175.46,137.38,78.29,21.71,-66.47,104,35.56,0.78,2.48,0.34,2.08,64.1,18.92,21.28,205.1,38.1,0.0,
9919c667-3ebe-4e77-98a6-58623c85f678.wav,humano,152.86,120.24,78.66,21.34,-61.59,94,36.9,0.68,2.34,0.46,2.08,61.39,12.23,11.47,216.2,79.8,0.0,
a3383d00-b984-4cb8-845b-77e19c520ffd.wav,humano,135.16,110.18,81.52,18.48,-63.22,94,41.73,0.74,2.32,0.42,1.26,71.34,7.67,7.39,216.2,47.3,0.0,
ab2ac983-c562-4f79-a570-ee22de052d88.wav,humano,350.68,304.38,86.8,13.2,-65.42,346,59.2,0.55,1.63,0.43,1.01,62.74,12.45,27.39,195.1,61.9,0.0,
ae0573ba-193e-42ac-bcc8-4c376a122f8e.wav,humano,308.64,240.83,78.03,21.97,-68.5,251,48.79,0.59,1.87,0.43,1.78,64.16,6.65,13.17,228.6,44.9,0.0,
b7318057-111f-4bd0-adbc-943bd06ce4e0.wav,humano,285.6,208.42,72.97,27.03,-56.79,216,45.38,0.5,1.81,0.43,2.11,57.67,6.77,11.15,250.0,70.7,0.0,
b954108b-c0c2-45e8-9032-1a3e87d60778.wav,humano,105.46,76.59,72.63,27.37,-240.0,89,50.64,0.59,1.38,0.49,2.05,65.28,14.74,10.14,210.5,56.4,0.0,
c067f714-3f61-478d-90da-b366c1f4da54.wav,humano,88.44,74.05,83.73,16.27,-74.39,36,24.42,0.95,5.74,0.42,2.05,64.28,11.26,6.4,228.6,60.6,0.0,
c5d3d94f-8e64-459a-9794-509fc000611a.wav,humano,109.82,79.94,72.79,27.21,-73.68,55,30.05,0.59,2.27,0.27,5.65,41.62,17.65,8.06,195.1,119.3,0.0,
ce33bc23-16ba-43ec-afc5-9eac1cf0bf98.wav,humano,1233.2,611.2,49.56,50.44,-46.7,734,35.71,0.37,0.68,0.43,5.25,39.48,8.45,41.12,160.0,59.5,0.0,
d741fe26-bbd4-41ab-a3c5-0c94791c6a1f.wav,humano,304.24,248.59,81.71,18.29,-63.78,236,46.54,0.67,1.78,0.4,1.34,65.57,8.07,16.1,216.2,54.9,0.0,
e76a6feb-b941-4dfc-aebf-4288c13c539c.wav,humano,208.44,140.51,67.41,32.59,-55.99,155,44.62,0.46,1.05,0.64,5.18,57.77,13.42,16.16,228.6,76.1,0.0,
e7d964af-28a2-47e1-8fa2-dcab580267c0.wav,humano,126.5,94.29,74.54,25.46,-55.13,82,38.89,0.69,1.72,0.57,1.58,61.33,11.57,8.98,148.1,115.9,0.0,
e98181dc-2d7b-41ea-9524-59c721651a39.wav,humano,152.4,120.66,79.17,20.83,-56.81,109,42.91,0.74,2.02,0.32,1.22,58.27,17.96,15.95,156.9,50.1,0.0,
eaaa5092-71c6-47ba-8c34-9fa95854812a.wav,humano,209.58,125.23,59.75,40.25,-60.18,158,45.23,0.46,1.03,0.81,4.78,48.91,12.64,12.96,222.2,87.9,0.0,
f613df46-85a0-46bd-a148-7826aac2451c.wav,humano,276.52,209.31,75.7,24.3,-50.37,233,50.56,0.56,1.46,0.38,1.34,64.0,9.63,17.04,235.3,68.2,0.0,
f75a5ac6-d705-47f3-9ab1-f9e7aad6eab6.wav,humano,141.12,102.16,72.39,27.61,-56.89,114,48.47,0.48,1.41,0.5,1.62,57.23,13.08,10.56,125.0,42.7,0.0,
07c816c7-cb2b-4178-ab85-e501f1c38bd9.wav,ia,141.92,126.4,89.06,10.94,-63.38,31,13.11,1.44,9.73,0.62,5.55,52.61,6.47,4.83,156.9,59.5,0.0,
0aef8aeb-0086-4f38-b53d-a771fc949c2b.wav,ia,83.4,62.08,74.44,25.56,-73.05,49,35.25,0.94,2.39,0.51,1.98,57.21,7.88,3.76,135.6,144.7,0.0,
12fb0266-c7af-4439-b62b-e9ce0c2e947f.wav,ia,472.48,341.87,72.36,27.64,-67.64,337,42.8,0.7,1.69,0.46,3.82,45.73,7.67,16.58,148.1,70.1,0.0,
19b3eddf-e2d6-4b68-befc-bdb10a10719a.wav,ia,92.1,68.5,74.37,25.63,-68.61,53,34.53,1.15,2.19,0.45,4.74,56.4,6.59,3.42,195.1,137.3,0.0,
1a132947-7135-429f-ba15-825ac02ba601.wav,ia,434.46,294.02,67.67,32.33,-74.72,307,42.4,0.78,1.72,0.47,3.65,50.62,6.29,13.84,148.1,48.7,0.0,
239a604a-3b58-445a-bfb4-88113ba4f232.wav,ia,67.16,42.8,63.73,36.27,-75.4,35,31.27,0.77,2.72,0.58,2.29,51.05,4.62,1.58,210.5,99.1,0.0,
293e667b-63e6-43e4-a811-06249526467a.wav,ia,90.82,62.37,68.67,31.33,-78.34,70,46.25,0.72,1.43,0.42,3.5,52.35,5.08,2.42,156.9,48.1,0.0,
3056dcb7-265d-42d8-a3c6-8bb2200860de.wav,ia,222.88,135.66,60.87,39.13,-71.69,142,38.23,0.75,1.72,0.65,6.7,42.53,7.7,7.3,127.0,147.4,0.0,
3147bab7-9e7f-496d-ae97-52b280194924.wav,ia,201.42,157.94,78.41,21.59,-73.07,162,48.26,0.69,1.88,0.38,3.34,61.03,7.78,9.57,177.8,56.7,0.0,
32616618-6ce3-484f-a1d9-c014394a3492.wav,ia,66.6,37.73,56.65,43.35,-72.79,35,31.53,0.85,1.89,0.69,3.78,43.57,5.41,1.57,222.2,128.8,0.0,
3350acd3-f649-47c8-adf6-ce1c08312d8f.wav,ia,185.06,110.96,59.96,40.04,-67.83,105,34.04,0.82,1.93,0.67,3.62,39.74,7.55,5.55,137.9,128.6,0.0,
355812a5-2733-46fb-a2d3-5b388817fef4.wav,ia,295.56,161.6,54.68,45.32,-74.1,132,26.8,0.87,2.73,1.09,7.9,36.38,10.49,11.28,131.1,144.7,0.0,
3a02fcc2-2285-4d18-9fca-d8507ee15b7f.wav,ia,314.22,253.6,80.71,19.29,-67.91,210,40.1,0.88,2.04,0.32,1.58,53.87,7.41,12.54,133.3,120.5,0.0,
3df056d8-c16b-4665-bc8b-4c1456ed8592.wav,ia,107.28,84.18,78.46,21.54,-66.27,59,33.0,0.96,3.06,0.43,1.6,58.22,8.79,5.49,133.3,141.9,0.0,
3e8b2986-1ff4-4f4a-9554-c8b122601a03.wav,ia,156.08,79.79,51.12,48.88,-82.53,73,28.06,0.75,2.12,0.5,9.23,36.34,7.39,4.19,115.9,56.9,0.0,
41269351-a58b-42bf-8486-151c5aa3a4e2.wav,ia,100.36,50.29,50.11,49.89,-67.15,39,23.32,0.94,2.42,0.78,7.73,35.53,6.46,2.3,156.9,107.9,0.0,
449d76a1-4755-4f78-afa8-00d57922d108.wav,ia,439.72,298.0,67.77,32.23,-72.87,295,40.25,0.72,1.8,0.53,4.14,50.04,6.07,13.34,156.9,138.9,0.0,
589afa5a-4b51-4018-a4e8-e219fdf3548f.wav,ia,104.5,84.42,80.78,19.22,-67.14,70,40.19,0.94,2.36,0.34,1.9,56.23,7.65,4.5,127.0,50.4,0.0,
5a16e288-5bc6-45a0-845b-8034f62ce376.wav,ia,297.66,193.94,65.15,34.85,-67.8,177,35.68,0.93,1.83,0.54,8.16,46.65,7.31,10.14,125.0,100.9,0.0,
631a4d16-0c07-4215-9476-ff9c8179413a.wav,ia,239.38,186.86,78.06,21.94,-63.99,83,20.8,0.94,3.72,0.33,4.85,49.71,9.43,11.22,222.2,104.5,0.0,
64a627ae-0339-4595-a414-21ed0c641d16.wav,ia,99.42,53.92,54.23,45.77,-66.96,31,18.71,1.3,2.8,0.67,7.97,38.81,7.01,2.7,137.9,99.9,0.0,
66c23ff9-4946-4870-8e67-850dac6526ef.wav,ia,94.36,75.01,79.49,20.51,-82.02,52,33.06,0.9,3.1,0.49,2.14,56.75,9.23,4.94,127.0,143.3,0.0,
673f40d5-c6de-4cec-8c52-ad89b8382f38.wav,ia,344.7,234.03,67.89,32.11,-67.57,270,47.0,0.67,1.44,0.43,4.56,52.3,7.29,13.14,145.5,67.4,0.0,
6d1ee3b1-3436-47ec-9754-f4b7f4048889.wav,ia,403.36,305.94,75.85,24.15,-72.21,253,37.63,0.82,2.18,0.42,3.89,53.24,8.06,17.31,153.8,50.7,0.0,
6d26bb76-d3ae-4890-83df-f5dcb0ef339d.wav,ia,454.06,330.93,72.88,27.12,-66.96,350,46.25,0.67,1.68,0.4,5.44,55.11,8.03,20.1,190.5,93.1,0.0,
6d8d8dbe-b501-4303-b864-9dc24119df5c.wav,ia,112.82,72.74,64.47,35.53,-69.32,60,31.91,0.98,1.92,0.48,4.08,50.6,6.87,3.92,181.8,109.6,0.0,
7350b21e-cea7-4a3d-9603-9ec53b47843e.wav,ia,68.58,37.2,54.24,45.76,-63.76,36,31.5,0.81,1.61,0.49,6.67,41.94,6.73,1.94,200.0,101.9,0.0,
79c5d6ae-0a3b-4b2a-8771-882e2b02cf95.wav,ia,561.58,401.57,71.51,28.49,-71.17,408,43.59,0.7,1.63,0.42,3.39,55.01,7.53,23.26,177.8,59.6,0.0,
7a59be10-fc3c-423b-8619-a13aac8ffea3.wav,ia,60.32,31.5,52.23,47.77,-67.32,30,29.84,0.81,1.79,0.99,4.46,38.87,6.96,1.63,222.2,137.3,0.0,
7c826b7f-a4cb-44ce-9461-533e1368ce1d.wav,ia,320.04,191.66,59.89,40.11,-78.77,223,41.81,0.66,1.44,0.58,8.46,38.8,7.96,9.89,117.6,40.4,0.0,
7dc52408-8aff-4ac6-bf04-620f378132fe.wav,ia,118.68,82.59,69.59,30.41,-74.63,74,37.41,0.71,1.85,0.4,3.39,50.34,8.04,4.8,205.1,134.1,0.0,
7df4a150-5c74-4f8a-9b13-88635ce35f92.wav,ia,131.1,93.52,71.33,28.67,-73.85,102,46.68,0.68,1.65,0.54,2.05,49.77,7.38,4.82,127.0,144.7,0.0,
80b9d804-dfe9-444f-aee1-30688b5c4e09.wav,ia,87.52,61.74,70.55,29.45,-68.12,64,43.88,0.7,2.01,0.62,2.21,52.86,6.78,3.14,129.0,138.9,0.0,
8349b881-cc05-44b6-a5d6-a340bc7e3499.wav,ia,90.7,59.1,65.16,34.84,-71.65,59,39.03,0.78,2.0,0.41,3.18,50.36,3.89,1.78,210.5,121.0,0.0,
8d9dfa93-e293-4924-92ce-2b166805d181.wav,ia,272.22,178.18,65.45,34.55,-67.8,189,41.66,0.62,1.94,0.47,3.97,45.93,6.98,8.72,133.3,115.6,0.0,
8eeab89a-aca1-4182-98cd-787defaa3876.wav,ia,88.0,65.97,74.96,25.04,-68.03,61,41.59,0.77,2.22,0.38,2.59,56.08,7.26,3.58,205.1,135.7,0.0,
925483e1-0626-4e64-89e7-fdd8091916ce.wav,ia,533.7,363.02,68.02,31.98,-58.2,425,47.78,0.62,1.39,0.47,4.03,51.85,8.47,23.44,148.1,54.8,0.0,
9cf48045-df44-4648-b6ad-870d3c145615.wav,ia,255.54,204.7,80.11,19.89,-81.42,185,43.44,0.72,2.2,0.34,1.22,62.45,7.73,12.34,200.0,134.1,0.0,
a64feaf9-108a-491e-90f8-013a7c3b2e3d.wav,ia,485.0,342.69,70.66,29.34,-74.84,382,47.26,0.67,1.5,0.42,3.94,52.94,6.51,16.72,142.9,76.9,0.0,
b056678f-9281-47ab-819d-616ba1c7904a.wav,ia,99.86,48.98,49.04,50.96,-72.93,34,20.43,1.13,2.41,0.85,8.02,33.48,6.03,2.02,142.9,105.1,0.0,
b1584952-7de1-4cc6-a83a-9fffa0f747cb.wav,ia,104.52,68.83,65.86,34.14,-82.18,70,40.18,0.85,1.82,0.69,4.05,47.34,5.72,2.83,123.1,128.6,0.0,
b97bdab1-7884-48dd-8acd-0d8b7b513c67.wav,ia,114.26,77.73,68.03,31.97,-72.77,67,35.18,0.86,2.06,0.46,4.77,50.64,6.19,3.58,137.9,132.4,0.0,
bdc7c768-e08e-4ce8-9e8e-ebb3618d311f.wav,ia,263.72,157.89,59.87,40.13,-82.53,175,39.81,0.72,1.52,0.64,5.22,46.63,5.6,6.88,148.1,82.1,0.0,
c1a958de-6df6-488a-8342-3cc44f4e31c6.wav,ia,166.04,121.57,73.22,26.78,-73.71,95,34.33,0.83,2.35,0.5,2.53,51.01,8.11,6.86,131.1,138.9,0.0,
c3d816dd-e0cc-46ef-b2db-a7d31a0bd587.wav,ia,68.08,28.75,42.23,57.77,-68.06,29,25.56,0.98,1.7,0.78,8.72,36.58,5.21,1.3,210.5,96.2,0.0,
c8b57e01-57b6-4d85-9613-c786aef9f8a0.wav,ia,313.66,204.29,65.13,34.87,-68.16,253,48.4,0.61,1.39,0.38,9.89,51.13,7.01,11.25,163.3,69.5,0.0,
da02116f-5f55-4cc7-a800-373f4939fa01.wav,ia,461.22,360.62,78.19,21.81,-69.48,318,41.37,0.7,2.07,0.35,2.29,45.49,11.19,23.47,133.3,127.2,0.0,
edbc4154-c6ce-4a77-b899-caf949e1815a.wav,ia,107.4,72.34,67.35,32.65,-71.95,83,46.37,0.64,1.5,0.32,1.89,38.62,6.94,2.88,228.6,125.0,0.0,
f55b661d-8a1b-4528-976e-d7b2f565b2ea.wav,ia,486.06,349.52,71.91,28.09,-68.3,419,51.72,0.59,1.49,0.38,4.83,49.41,6.25,15.01,131.1,50.6,0.0,
fc9da4d5-10dd-4aab-afb0-de918f081149.wav,ia,85.22,50.1,58.78,41.22,-67.73,36,25.35,1.22,2.22,0.74,2.35,41.58,7.9,2.8,135.6,140.4,0.0,
