file,grupo,sample_rate,canales,bits,n_muestras,duracion_s,bytes,rms_dbfs,pico_dbfs,dc_offset,pct_clipping,ruido_dbfs,voz_dbfs,snr_db,pct_silencio,freq_p95_hz,energia_sobre_3400,niveles_unicos,huella_g711,n_pitidos,pitidos_s,pct_pitidos,pitido_freq_hz,n_segmentos_voz,dur_media_segmento_s
0445c357-e465-49ae-8067-bfa91d11b532.wav,humano,8000,1,16,2476160,309.52,4952364,-19.59,-0.17,0.000104,0.0,-65.31,-15.01,50.3,14.89,1040.0,0.032,10403,False,18,16.61,5.37,1000.0,146,1.74
09115a4a-ac50-4425-9dbc-b551a0b5342c.wav,humano,8000,1,16,697600,87.2,1395244,-21.03,-3.5,5.9e-05,0.0,-56.34,-15.01,41.33,7.27,1040.0,0.014,6775,False,12,10.35,11.87,1000.0,50,1.59
0bc9a430-bdcd-44a7-a92d-e71dc33c8ad5.wav,humano,8000,1,16,845120,105.64,1690284,-20.11,0.0,-1.8e-05,0.0001,-67.82,-15.16,52.66,12.7,1680.0,0.111,14063,False,0,0,0.0,0.0,41,2.21
0c6ada7d-d8c5-4840-ae79-0d8d573183dc.wav,humano,8000,1,16,1131840,141.48,2263724,-21.88,-0.17,8.6e-05,0.0,-72.25,-18.61,53.64,53.95,1160.0,0.054,16081,False,0,0,0.0,0.0,12,5.41
0d2d37dd-38a4-40dd-ac62-b430f722ed57.wav,humano,8000,1,16,4757760,594.72,9515564,-18.38,0.0,-8e-05,0.0006,-59.23,-13.19,46.03,12.06,1680.0,0.443,12706,False,26,18.74,3.15,1000.0,279,1.76
1c72dd55-acbb-4ebe-a4d7-446cc294a4a1.wav,humano,8000,1,16,1796960,224.62,3593964,-19.21,0.0,9.6e-05,0.0001,-60.76,-15.01,45.75,11.35,1040.0,0.017,15545,False,22,16.58,7.38,1000.0,94,2.05
1e3beb83-824b-4ad5-8483-f4ff6ea3c05e.wav,humano,8000,1,16,1286080,160.76,2572204,-20.35,-0.0,-8e-06,0.0001,-62.51,-15.01,47.49,12.72,1640.0,0.066,12862,False,19,19.05,11.85,1000.0,83,1.64
1f5cda00-bbf3-4770-97dc-99760ddadc1b.wav,humano,8000,1,16,1149920,143.74,2299884,-21.42,-0.17,-7e-06,0.0,-58.7,-15.01,43.69,8.18,1520.0,0.066,11951,False,10,12.76,8.88,1000.0,51,2.49
2a92a64c-6ea8-48a0-b47a-445a3c577199.wav,humano,8000,1,16,5009600,626.2,10019244,-19.19,0.0,4.7e-05,0.0004,-48.55,-14.27,34.28,0.5,1840.0,0.036,16042,False,8,7.16,1.14,1000.0,28,22.21
2b377b6a-4fa1-4910-8d68-9ee05f7c302a.wav,humano,8000,1,16,1621280,202.66,3242604,-21.84,-0.75,0.000158,0.0,-61.99,-16.8,45.18,10.41,1040.0,0.078,11865,False,6,6.08,3.0,1000.0,119,1.43
2d454b7b-9f12-4acb-8101-d3ba74bb84ff.wav,humano,8000,1,16,4631200,578.9,9262444,-19.66,0.0,-0.000117,0.0004,-53.05,-15.01,38.04,0.86,1400.0,0.056,13944,False,21,16.1,2.78,1000.0,83,6.87
2e50e9db-53c9-4472-ad05-1ba1032dd707.wav,humano,8000,1,16,987200,123.4,1974444,-19.37,0.0,-7.6e-05,0.0015,-59.77,-15.01,44.76,9.39,1440.0,0.023,11638,False,12,12.25,9.93,1000.0,47,2.32
306c762c-73a1-4690-962d-53f1a14f05b6.wav,humano,8000,1,16,1060800,132.6,2121644,-21.45,-0.17,0.000165,0.0,-66.92,-15.55,51.37,17.02,1160.0,0.108,9098,False,12,8.27,6.24,1000.0,139,0.76
336a8602-1b56-4ca6-9dcc-7491b9a92a8a.wav,humano,8000,1,16,608000,76.0,1216044,-21.9,-2.72,-5.3e-05,0.0,-59.23,-16.57,42.66,7.38,1040.0,0.033,8232,False,8,5.7,7.5,1000.0,35,1.93
380f5075-47be-435f-b595-7e2c48dbb21b.wav,humano,8000,1,16,596480,74.56,1193004,-21.27,-0.01,-8.5e-05,0.0,-60.93,-15.69,45.24,10.17,1040.0,0.047,11616,False,4,3.63,4.87,1000.0,38,1.71
38482ca0-4501-4b4c-99b5-16313e8eb12f.wav,humano,8000,1,16,2396000,299.5,4792044,-18.63,0.0,-4.9e-05,0.0014,-54.51,-14.06,40.45,0.89,1040.0,0.04,12987,False,11,7.86,2.62,1000.0,47,6.22
440cb585-d675-4ed9-afa4-934e2a0aae90.wav,humano,8000,1,16,1615200,201.9,3230444,-22.64,-2.28,-3.7e-05,0.0,-66.08,-18.31,47.78,14.18,1040.0,0.045,12662,False,12,8.13,4.03,1000.0,138,1.19
50e0f632-d195-4476-b049-3720482d65d9.wav,humano,8000,1,16,931360,116.42,1862764,-17.88,-0.11,9.1e-05,0.0,-50.18,-13.7,36.48,3.05,1040.0,0.009,14745,False,12,16.67,14.32,1000.0,23,4.77
635a7986-ddd2-47f3-a6de-82a217053afa.wav,humano,8000,1,16,1333920,166.74,2667884,-17.49,0.0,-4.6e-05,0.0008,-46.95,-12.9,34.05,1.48,1640.0,0.243,16088,False,16,13.08,7.84,1000.0,18,9.09
63b9a147-5c33-40ba-87c7-124e4be56cda.wav,humano,8000,1,16,1947200,243.4,3894444,-20.7,0.0,-1.8e-05,0.001,-52.48,-15.01,37.46,0.51,1320.0,0.036,12055,False,19,17.25,7.09,1000.0,11,21.99
66c2db61-5a3d-4020-a90a-007a029d0879.wav,humano,8000,1,16,1102080,137.76,2204204,-19.28,0.0,8.6e-05,0.0005,-48.53,-15.01,33.52,1.46,1040.0,0.025,15263,False,9,7.69,5.58,1000.0,14,9.67
67197ac4-63d9-4567-9e89-896e715ab906.wav,humano,8000,1,16,3161920,395.24,6323884,-18.81,-0.0,-5e-05,0.0,-57.21,-15.01,42.2,6.53,1040.0,0.031,15512,False,44,37.29,9.43,1000.0,166,2.14
6854b6cc-c858-4dd4-b326-b7d6fe55843a.wav,humano,8000,1,16,1286240,160.78,2572524,-19.11,0.0,-7e-05,0.0002,-56.07,-15.01,41.06,6.32,1360.0,0.057,13317,False,15,16.93,10.53,1000.0,35,4.18
693045ed-afc8-4c9c-9eee-f7e34281fb16.wav,humano,8000,1,16,1421120,177.64,2842284,-18.68,-0.0,-0.000129,0.0003,-44.47,-14.17,30.29,0.35,1280.0,0.075,15164,False,10,9.78,5.51,1000.0,4,44.22
6bbff5d5-7d85-4587-94d9-4e44d4e4055b.wav,humano,8000,1,16,2356320,294.54,4712684,-21.1,-0.17,-3.6e-05,0.0,-55.49,-15.88,39.61,2.68,1040.0,0.065,8608,False,12,8.95,3.04,1000.0,27,10.55
73ddf5ba-7005-41a6-88b5-be98fb909764.wav,humano,8000,1,16,1161920,145.24,2323884,-18.64,0.0,-6.9e-05,0.0029,-58.48,-15.01,43.47,7.15,2200.0,0.628,15148,False,14,13.52,9.31,1000.0,45,2.93
74aa7e2d-4d44-45cc-a3e5-97fb9383a960.wav,humano,8000,1,16,946080,118.26,1892204,-21.24,-0.17,9.7e-05,0.0,-54.24,-16.5,37.73,4.96,1600.0,0.134,12811,False,5,3.39,2.87,1000.0,28,3.92
74b16f62-f04d-42c8-9872-ea9b9ed1dd75.wav,humano,8000,1,16,5147840,643.48,10295724,-19.55,0.0,-6.2e-05,0.0003,-43.37,-14.89,28.48,0.15,2040.0,0.212,16930,False,21,12.6,1.96,1000.0,14,45.88
77d258d0-9b2e-4086-b624-f280eed0957b.wav,humano,8000,1,16,2265280,283.16,4530604,-21.33,0.0,-6.6e-05,0.0,-53.67,-15.65,38.01,1.09,1040.0,0.031,13178,False,17,15.56,5.5,1000.0,32,8.68
7ea6c8f3-f6f7-42e8-8034-701caa6e62aa.wav,humano,8000,1,16,1039040,129.88,2078124,-21.96,-1.32,0.000111,0.0,-58.87,-16.78,42.09,4.35,1040.0,0.035,12227,False,9,6.35,4.89,1000.0,33,3.58
82ee7afd-e2d3-4cfe-b82e-f7920f57f7ab.wav,humano,8000,1,16,1488160,186.02,2976364,-18.97,0.0,-3.3e-05,0.0002,-49.81,-15.01,34.8,2.53,1040.0,0.028,13515,False,18,14.42,7.75,1000.0,29,6.23
91b9fd77-d5d5-408f-ac90-fd78080780da.wav,humano,8000,1,16,653120,81.64,1306284,-21.0,-0.14,-6.8e-05,0.0,-46.41,-15.01,31.4,0.72,1800.0,0.159,12511,False,8,6.81,8.34,1000.0,2,40.45
92778da9-c37a-4eee-9ca5-81f835e7c5a4.wav,humano,8000,1,16,1412480,176.56,2825004,-20.14,-0.0,-6e-05,0.0001,-56.92,-15.01,41.91,3.27,1560.0,0.174,12828,False,13,12.98,7.35,1000.0,52,3.21
93d0abfc-ece6-488b-bee8-950abb980520.wav,humano,8000,1,16,1403680,175.46,2807404,-21.69,-0.47,-6.8e-05,0.0,-63.82,-17.09,46.73,12.37,1000.0,0.108,13589,False,3,1.51,0.86,1000.0,82,1.79
9919c667-3ebe-4e77-98a6-58623c85f678.wav,humano,8000,1,16,1222880,152.86,2445804,-22.28,-0.17,9e-05,0.0,-58.77,-17.15,41.62,4.3,1600.0,0.136,12449,False,8,4.79,3.13,1000.0,49,2.88
a3383d00-b984-4cb8-845b-77e19c520ffd.wav,humano,8000,1,16,1081280,135.16,2162604,-21.78,-3.11,-3.9e-05,0.0,-60.11,-17.65,42.46,6.2,1040.0,0.027,11509,False,12,7.63,5.65,1000.0,60,2.05
ab2ac983-c562-4f79-a570-ee22de052d88.wav,humano,8000,1,16,2805440,350.68,5610924,-19.86,0.0,-2e-05,0.0002,-57.27,-15.01,42.26,8.16,1040.0,0.199,15084,False,15,17.28,4.93,1000.0,298,1.05
ae0573ba-193e-42ac-bcc8-4c376a122f8e.wav,humano,8000,1,16,2469120,308.64,4938284,-21.18,-0.17,-5.5e-05,0.0,-65.0,-15.23,49.76,14.71,1360.0,0.058,12142,False,31,22.24,7.21,1000.0,193,1.32
b7318057-111f-4bd0-adbc-943bd06ce4e0.wav,humano,8000,1,16,2284800,285.6,4569644,-19.6,0.0,0.000139,0.0009,-54.16,-15.01,39.15,1.93,1720.0,0.258,12847,False,13,7.87,2.76,1000.0,60,4.62
b954108b-c0c2-45e8-9032-1a3e87d60778.wav,humano,8000,1,16,843680,105.46,1687404,-21.2,-2.06,-2.6e-05,0.0,-92.25,-15.45,76.79,23.53,1000.0,0.003,11652,False,5,3.58,3.39,1000.0,77,1.0
c067f714-3f61-478d-90da-b366c1f4da54.wav,humano,8000,1,16,707520,88.44,1415084,-22.04,-3.11,-6.1e-05,0.0,-58.13,-17.24,40.9,7.36,1040.0,0.031,6213,False,4,2.12,2.4,1000.0,13,6.25
c5d3d94f-8e64-459a-9794-509fc000611a.wav,humano,8000,1,16,878560,109.82,1757164,-22.49,-0.18,-7.4e-05,0.0,-63.54,-17.96,45.58,10.54,1080.0,0.215,13725,False,3,2.48,2.26,1000.0,20,4.79
ce33bc23-16ba-43ec-afc5-9eac1cf0bf98.wav,humano,8000,1,16,9865600,1233.2,19731244,-24.84,-0.17,-3.5e-05,0.0,-45.92,-20.18,25.74,0.26,1040.0,0.044,13475,False,28,19.43,1.58,1000.0,54,22.77
d741fe26-bbd4-41ab-a3c5-0c94791c6a1f.wav,humano,8000,1,16,2433920,304.24,4867884,-20.59,-0.0,6.3e-05,0.0,-60.52,-15.97,44.56,9.47,1040.0,0.029,14249,False,12,8.27,2.72,1000.0,170,1.56
e76a6feb-b941-4dfc-aebf-4288c13c539c.wav,humano,8000,1,16,1667520,208.44,3335084,-20.5,0.0,6.7e-05,0.0002,-54.87,-15.01,39.86,0.69,1040.0,0.014,13860,False,26,24.28,11.65,1000.0,15,13.79
e7d964af-28a2-47e1-8fa2-dcab580267c0.wav,humano,8000,1,16,1012000,126.5,2024044,-21.29,-0.16,-7e-05,0.0,-53.03,-15.62,37.41,1.75,1320.0,0.119,12781,False,6,6.35,5.02,1000.0,7,17.62
e98181dc-2d7b-41ea-9524-59c721651a39.wav,humano,8000,1,16,1219200,152.4,2438444,-20.35,0.0,4e-05,0.0001,-54.57,-15.01,39.56,1.22,1040.0,0.157,10206,False,13,9.48,6.22,1000.0,15,9.97
eaaa5092-71c6-47ba-8c34-9fa95854812a.wav,humano,8000,1,16,1676640,209.58,3353324,-23.09,-1.05,-1.2e-05,0.0,-59.24,-18.06,41.18,0.42,1040.0,0.059,10966,False,7,5.89,2.81,1000.0,7,29.8
f613df46-85a0-46bd-a148-7826aac2451c.wav,humano,8000,1,16,2212160,276.52,4424364,-21.59,-0.0,-5e-06,0.0001,-47.47,-16.7,30.77,0.26,1040.0,0.016,12615,False,11,7.99,2.89,1000.0,7,39.38
f75a5ac6-d705-47f3-9ab1-f9e7aad6eab6.wav,humano,8000,1,16,1128960,141.12,2257964,-20.04,-0.17,0.000122,0.0,-55.47,-15.01,40.46,1.18,1040.0,0.019,14576,False,7,4.57,3.24,1000.0,16,8.64
07c816c7-cb2b-4178-ab85-e501f1c38bd9.wav,ia,8000,1,16,1135360,141.92,2270764,-20.17,0.0,8.1e-05,0.0001,-52.68,-15.01,37.67,6.31,1280.0,0.072,4129,False,16,11.61,8.18,1000.0,8,16.59
0aef8aeb-0086-4f38-b53d-a771fc949c2b.wav,ia,8000,1,16,667200,83.4,1334444,-17.1,0.0,-0.00018,0.0007,-72.25,-13.38,58.87,23.71,1040.0,0.004,7428,False,13,12.37,14.83,1000.0,44,1.41
12fb0266-c7af-4439-b62b-e9ce0c2e947f.wav,ia,8000,1,16,3779840,472.48,7559724,-19.85,0.0,0.000103,0.0003,-67.12,-15.01,52.1,22.14,1280.0,0.042,5651,False,17,14.55,3.08,1000.0,295,1.18
19b3eddf-e2d6-4b68-befc-bdb10a10719a.wav,ia,8000,1,16,736800,92.1,1473644,-17.83,0.0,5e-06,0.0003,-68.1,-14.8,53.3,22.74,1200.0,0.004,4342,False,16,15.45,16.78,1000.0,39,1.79
1a132947-7135-429f-ba15-825ac02ba601.wav,ia,8000,1,16,3475680,434.46,6951404,-19.05,0.0,-0.00014,0.0003,-73.38,-14.72,58.66,28.5,1040.0,0.046,8342,False,37,30.12,6.93,1000.0,309,0.96
239a604a-3b58-445a-bfb4-88113ba4f232.wav,ia,8000,1,16,537280,67.16,1074604,-19.3,0.0,-0.000113,0.0004,-74.19,-15.01,59.17,32.39,1320.0,0.015,4600,False,11,10.82,16.11,1000.0,37,1.17
293e667b-63e6-43e4-a811-06249526467a.wav,ia,8000,1,16,726560,90.82,1453164,-18.92,-0.17,-0.000129,0.0,-74.58,-14.87,59.7,26.15,2440.0,0.043,3706,False,8,6.07,6.68,1000.0,71,0.92
3056dcb7-265d-42d8-a3c6-8bb2200860de.wav,ia,8000,1,16,1783040,222.88,3566124,-18.8,-0.05,-2.9e-05,0.0,-71.11,-14.46,56.65,36.38,1200.0,0.005,5589,False,22,22.54,10.11,1000.0,128,1.09
3147bab7-9e7f-496d-ae97-52b280194924.wav,ia,8000,1,16,1611360,201.42,3222764,-18.89,-0.08,-0.000149,0.0,-70.17,-14.98,55.19,16.71,1040.0,0.005,5500,False,13,10.73,5.33,1000.0,128,1.27
32616618-6ce3-484f-a1d9-c014394a3492.wav,ia,8000,1,16,532800,66.6,1065644,-18.52,0.0,2.3e-05,0.0004,-72.68,-15.01,57.67,39.52,1040.0,0.009,4463,False,14,13.15,19.74,1000.0,33,1.15
3350acd3-f649-47c8-adf6-ce1c08312d8f.wav,ia,8000,1,16,1480480,185.06,2961004,-18.36,0.0,7.9e-05,0.0015,-67.56,-13.57,53.99,35.59,1440.0,0.006,5320,False,15,12.89,6.97,1000.0,101,1.15
355812a5-2733-46fb-a2d3-5b388817fef4.wav,ia,8000,1,16,2364480,295.56,4729004,-18.52,-0.0,-0.000147,0.0,-73.44,-13.92,59.52,42.47,1040.0,0.008,8654,False,30,24.73,8.37,1000.0,111,1.49
3a02fcc2-2285-4d18-9fca-d8507ee15b7f.wav,ia,8000,1,16,2513760,314.22,5027564,-17.89,0.0,-6.6e-05,0.0018,-60.87,-13.57,47.3,11.5,1400.0,0.005,8798,False,42,32.11,10.22,1000.0,176,1.54
3df056d8-c16b-4665-bc8b-4c1456ed8592.wav,ia,8000,1,16,858240,107.28,1716524,-16.76,-0.16,-0.000187,0.0,-63.22,-12.8,50.42,17.98,1040.0,0.003,7967,False,17,16.19,15.09,1000.0,53,1.61
3e8b2986-1ff4-4f4a-9554-c8b122601a03.wav,ia,8000,1,16,1248640,156.08,2497324,-19.62,0.0,-8.6e-05,0.0024,-82.25,-15.01,67.24,46.55,1480.0,0.008,6679,False,11,7.76,4.97,1000.0,62,1.32
41269351-a58b-42bf-8486-151c5aa3a4e2.wav,ia,8000,1,16,802880,100.36,1605804,-18.24,0.0,0.00021,0.0065,-66.93,-13.35,53.59,49.08,1240.0,0.028,4034,False,8,7.09,7.06,1000.0,39,1.3
449d76a1-4755-4f78-afa8-00d57922d108.wav,ia,8000,1,16,3517760,439.72,7035564,-18.42,0.0,0.000101,0.0001,-72.8,-14.34,58.47,30.45,1320.0,0.003,6282,False,48,46.28,10.52,1000.0,260,1.15
589afa5a-4b51-4018-a4e8-e219fdf3548f.wav,ia,8000,1,16,836000,104.5,1672044,-17.02,0.0,-0.000129,0.0006,-65.17,-12.37,52.8,16.65,1600.0,0.232,7114,False,7,6.05,5.79,1000.0,59,1.43
5a16e288-5bc6-45a0-845b-8034f62ce376.wav,ia,8000,1,16,2381280,297.66,4762604,-18.65,0.0,0.000113,0.0008,-67.65,-14.26,53.39,32.02,1280.0,0.027,5292,False,26,26.42,8.88,1000.0,160,1.23
631a4d16-0c07-4215-9476-ff9c8179413a.wav,ia,8000,1,16,1915040,239.38,3830124,-19.28,0.0,2.8e-05,0.0005,-60.74,-15.01,45.72,11.0,1040.0,0.049,5338,False,43,50.31,21.02,1000.0,97,2.09
64a627ae-0339-4595-a414-21ed0c641d16.wav,ia,8000,1,16,795360,99.42,1590764,-18.28,0.0,0.000183,0.0059,-66.88,-13.39,53.49,44.68,1280.0,0.029,3680,False,5,4.99,5.02,1000.0,28,1.96
66c23ff9-4946-4870-8e67-850dac6526ef.wav,ia,8000,1,16,754880,94.36,1509804,-16.12,0.0,-0.000102,0.0068,-81.11,-11.76,69.35,19.73,1320.0,0.005,7758,False,16,13.37,14.17,1000.0,43,1.74
673f40d5-c6de-4cec-8c52-ad89b8382f38.wav,ia,8000,1,16,2757600,344.7,5515244,-20.13,-0.13,0.000267,0.0,-66.98,-15.01,51.97,30.38,1080.0,0.054,2406,False,29,23.55,6.83,1000.0,279,0.84
6d1ee3b1-3436-47ec-9754-f4b7f4048889.wav,ia,8000,1,16,3226880,403.36,6453804,-19.77,0.0,-0.000162,0.0004,-68.46,-15.01,53.45,16.92,2000.0,0.167,8646,False,23,21.99,5.45,1000.0,229,1.4
6d26bb76-d3ae-4890-83df-f5dcb0ef339d.wav,ia,8000,1,16,3632480,454.06,7265004,-19.14,0.0,0.000173,0.0005,-66.83,-14.9,51.93,24.94,2120.0,0.008,5144,False,20,17.78,3.92,1000.0,342,0.96
6d8d8dbe-b501-4303-b864-9dc24119df5c.wav,ia,8000,1,16,902560,112.82,1805164,-17.81,0.0,0.000221,0.0038,-67.56,-14.51,53.05,34.94,1920.0,0.092,5748,False,23,18.26,16.19,1000.0,66,1.07
7350b21e-cea7-4a3d-9603-9ec53b47843e.wav,ia,8000,1,16,548640,68.58,1097324,-20.48,0.0,0.000152,0.0002,-62.9,-15.01,47.89,30.27,1280.0,0.052,2993,False,11,9.25,13.49,1000.0,35,1.26
79c5d6ae-0a3b-4b2a-8771-882e2b02cf95.wav,ia,8000,1,16,4492640,561.58,8985324,-21.25,-0.0,-0.000153,0.0,-66.47,-15.7,50.76,19.21,1560.0,0.064,7599,False,41,31.07,5.53,1000.0,302,1.42
7a59be10-fc3c-423b-8619-a13aac8ffea3.wav,ia,8000,1,16,482560,60.32,965164,-19.88,0.0,0.000196,0.0002,-66.93,-15.01,51.92,45.51,1040.0,0.003,3408,False,8,9.09,15.07,1000.0,33,0.95
7c826b7f-a4cb-44ce-9461-533e1368ce1d.wav,ia,8000,1,16,2560320,320.04,5120684,-19.39,0.0,-0.000157,0.0007,-75.76,-14.39,61.37,37.14,1560.0,0.057,7499,False,4,3.73,1.17,1000.0,203,0.95
7dc52408-8aff-4ac6-bf04-620f378132fe.wav,ia,8000,1,16,949440,118.68,1898924,-20.69,-0.17,-0.000154,0.0,-73.33,-15.01,58.31,25.32,1080.0,0.021,7046,False,8,9.8,8.26,1000.0,81,1.0
7df4a150-5c74-4f8a-9b13-88635ce35f92.wav,ia,8000,1,16,1048800,131.1,2097644,-17.81,0.0,-0.000178,0.0002,-73.03,-13.46,59.58,25.68,1200.0,0.013,5595,False,13,12.91,9.85,1000.0,89,1.06
80b9d804-dfe9-444f-aee1-30688b5c4e09.wav,ia,8000,1,16,700160,87.52,1400364,-17.11,-0.13,6.5e-05,0.0,-67.12,-12.9,54.21,27.38,1040.0,0.004,1330,False,11,10.29,11.76,1000.0,52,1.21
8349b881-cc05-44b6-a5d6-a340bc7e3499.wav,ia,8000,1,16,725600,90.7,1451244,-18.65,0.0,-0.000122,0.0001,-71.42,-14.9,56.52,29.98,1040.0,0.015,5081,False,9,11.35,12.51,1000.0,51,1.22
8d9dfa93-e293-4924-92ce-2b166805d181.wav,ia,8000,1,16,2177760,272.22,4355564,-18.36,-0.13,0.000134,0.0,-67.39,-14.12,53.27,31.98,1440.0,0.006,3025,False,21,25.22,9.26,1000.0,165,1.09
8eeab89a-aca1-4182-98cd-787defaa3876.wav,ia,8000,1,16,704000,88.0,1408044,-18.43,0.0,7.3e-05,0.0004,-67.26,-13.9,53.35,21.43,1720.0,0.008,4210,False,10,6.8,7.73,1000.0,54,1.25
925483e1-0626-4e64-89e7-fdd8091916ce.wav,ia,8000,1,16,4269600,533.7,8539244,-16.98,0.0,-0.000154,0.0032,-56.51,-11.88,44.63,8.9,1440.0,0.11,9553,False,44,29.09,5.45,1000.0,221,2.12
9cf48045-df44-4648-b6ad-870d3c145615.wav,ia,8000,1,16,2044320,255.54,4088684,-17.68,0.0,-0.000114,0.0021,-78.36,-13.4,64.95,18.31,1040.0,0.003,8965,False,21,21.53,8.43,1000.0,189,1.06
a64feaf9-108a-491e-90f8-013a7c3b2e3d.wav,ia,8000,1,16,3880000,485.0,7760044,-20.82,-0.0,-0.000135,0.0,-73.99,-15.01,58.97,26.31,1160.0,0.052,6955,False,47,38.5,7.94,1000.0,373,0.92
b056678f-9281-47ab-819d-616ba1c7904a.wav,ia,8000,1,16,798880,99.86,1597804,-18.26,0.0,5.1e-05,0.0051,-72.88,-13.1,59.78,49.99,1280.0,0.029,4983,False,4,4.63,4.64,1000.0,31,1.6
b1584952-7de1-4cc6-a83a-9fffa0f747cb.wav,ia,8000,1,16,836160,104.52,1672364,-18.32,-0.17,-9.5e-05,0.0,-81.64,-13.66,67.98,32.26,1360.0,0.004,1395,False,9,10.02,9.59,1000.0,66,1.05
b97bdab1-7884-48dd-8acd-0d8b7b513c67.wav,ia,8000,1,16,914080,114.26,1828204,-18.25,0.0,-2.4e-05,0.0007,-72.31,-14.83,57.49,28.14,1040.0,0.033,4893,False,20,16.74,14.65,1000.0,57,1.37
bdc7c768-e08e-4ce8-9e8e-ebb3618d311f.wav,ia,8000,1,16,2109760,263.72,4219564,-21.12,-0.17,-7e-05,0.0,-82.04,-15.01,67.02,39.15,1360.0,0.092,2027,False,33,24.96,9.46,1000.0,175,0.89
c1a958de-6df6-488a-8342-3cc44f4e31c6.wav,ia,8000,1,16,1328320,166.04,2656684,-18.8,0.0,-0.000175,0.0002,-72.01,-14.52,57.49,22.55,1200.0,0.013,8647,False,15,13.02,7.84,1000.0,88,1.34
c3d816dd-e0cc-46ef-b2db-a7d31a0bd587.wav,ia,8000,1,16,544640,68.08,1089324,-20.77,-0.13,0.000256,0.0,-67.31,-15.01,52.29,56.05,1040.0,0.021,2427,False,11,9.57,14.06,1000.0,29,1.0
c8b57e01-57b6-4d85-9613-c786aef9f8a0.wav,ia,8000,1,16,2509280,313.66,5018604,-20.83,-0.07,0.000214,0.0,-67.65,-15.01,52.64,32.48,1520.0,0.066,4161,False,29,19.63,6.26,1000.0,261,0.78
da02116f-5f55-4cc7-a800-373f4939fa01.wav,ia,8000,1,16,3689760,461.22,7379564,-18.54,0.0,-0.000148,0.0006,-65.94,-14.2,51.73,15.44,1360.0,0.023,9179,False,45,35.83,7.77,1000.0,228,1.63
edbc4154-c6ce-4a77-b899-caf949e1815a.wav,ia,8000,1,16,859200,107.4,1718444,-20.77,0.0,-1.8e-05,0.0002,-70.4,-15.01,55.39,23.73,1200.0,0.015,5769,False,11,11.27,10.49,1000.0,83,0.91
f55b661d-8a1b-4528-976e-d7b2f565b2ea.wav,ia,8000,1,16,3888480,486.06,7777004,-20.87,0.0,0.000209,0.0,-67.39,-16.03,51.36,24.96,1480.0,0.077,4097,False,13,9.22,1.9,1000.0,422,0.83
fc9da4d5-10dd-4aab-afb0-de918f081149.wav,ia,8000,1,16,681760,85.22,1363564,-19.04,-0.13,0.000177,0.0,-66.93,-14.81,52.12,36.74,1240.0,0.006,2582,False,8,9.32,10.94,1000.0,43,1.17
